ROC AUC,KS,GINI
0.6715957923099988,0.24469089251167547,0.34319158461999755
