ROC AUC,KS,GINI
0.6392295224121105,0.17917503342484023,0.278459044824221
