ROC AUC,KS,GINI
0.6777012519674329,0.2446919395925966,0.35540250393486583
