ROC AUC,KS,GINI
0.6625162398649572,0.237370034668673,0.32503247972991445
