ROC AUC,KS,GINI
0.6736664746067413,0.24132734673432304,0.3473329492134827
