ROC AUC,KS,GINI
0.6412640412176126,0.18911472525810796,0.2825280824352252
