ROC AUC,KS,GINI
0.6678754374932703,0.2511613887316517,0.33575087498654055
