ROC AUC,KS,GINI
0.6505128320670542,0.21358844224548773,0.3010256641341085
