ROC AUC,KS,GINI
0.6692927654840298,0.24577366902302933,0.33858553096805966
