ROC AUC,KS,GINI
0.6767439058103022,0.24736862712932517,0.3534878116206044
