ROC AUC,KS,GINI
0.6757750833131654,0.24835078243323389,0.35155016662633076
