ROC AUC,KS,GINI
0.6472641389309903,0.20575209788917231,0.29452827786198066
