ROC AUC,KS,GINI
0.6604420456832567,0.23152563676019372,0.3208840913665134
