ROC AUC,KS,GINI
0.6384831942955488,0.1800943896097495,0.27696638859109757
