ROC AUC,KS,GINI
0.6712254630143063,0.24128990918388726,0.3424509260286126
