ROC AUC,KS,GINI
0.6715588250999142,0.24342907840745254,0.3431176501998283
