ROC AUC,KS,GINI
0.6661006576055927,0.23756361440735402,0.33220131521118534
