ROC AUC,KS,GINI
0.660649965702644,0.23812798048131306,0.321299931405288
