ROC AUC,KS,GINI
0.6345751851441105,0.16694392074230158,0.269150370288221
