ROC AUC,KS,GINI
0.6554493364385789,0.22061538082387588,0.3108986728771579
