ROC AUC,KS,GINI
0.643982765065165,0.19578573805034938,0.2879655301303301
