ROC AUC,KS,GINI
0.6686441659581285,0.23728759257205523,0.33728833191625696
